seed,variant
aeration bioreactor,Aerated Membrane Bioreactor
aeration bioreactor,aerated membrane bioreactor
aeration bioreactor,aeration membrane bioreactors
aerobic biodegradation,Aerobic biodegradation
aerobic biodegradation,aerobic biodegradative
aerobic biodegradation,biodegradation under aerobic
aerobic biodegradation,biodegradation Aerobic
aerobic compost,aerobically composting
aerobic compost,composted under aerobic
aerobic compost,aerobic composting
aerobic compost,Aerobic manure composting
aerobic compost,aerobic activated composting
aerobic compost,composted by aerobic
aerobic compost,composting under aerobic
aerobic compost,aerobic ) composting
aerobic compost,Aerobic compost
aerobic compost,Aerobically composted
aerobic compost,Aerobic Mesophilic Composting
aerobic compost,composting Aerobic
aerobic compost,"composting , aerobic"
aerobic compost,aerobic '' composting
aerobic compost,aerobically composted
aerobic compost,Composting Inefficient aerobic
aerobic compost,composting in aerobic
aerobic compost,aerobic heap composting
aerobic compost,composting . Aerobic
aerobic compost,Aerobic composting
aerobic compost,compost Aerobic
aerobic compost,aerobic surface composting
aerobic compost,compost under aerobic
aerobic compost,aerobically treated compost
aerobic compost,Aerobic Composting
aerobic compost,aerobic static composting
aerobic compost,aerobic thermophilic composting
aerobic compost,composts ( aerobic
aerobic digestates,aerobically digested
aerobic digestates,Aerobic Digester
aerobic digestates,Digested Residue Aerobic
aerobic digestates,aerobic sludge digestion
aerobic digestates,digestion . Aerobic
aerobic digestates,aerobic wet digestion
aerobic digestates,digestion followed aerobic
aerobic digestates,"digestion , aerobic"
aerobic digestates,aerobic digestion
aerobic digester,aerobically digested
aerobic digester,Aerobic Digester
aerobic digester,aerobic digestates
aerobic digester,Digested Residue Aerobic
aerobic digester,aerobic sludge digestion
aerobic digester,digestion . Aerobic
aerobic digester,aerobic wet digestion
aerobic digester,digestion followed aerobic
aerobic digester,"digestion , aerobic"
aerobic digester,aerobic digestion
aerobic digestion,aerobically digested
aerobic digestion,Aerobic Digester
aerobic digestion,aerobic digestates
aerobic digestion,Digested Residue Aerobic
aerobic digestion,aerobic sludge digestion
aerobic digestion,digestion . Aerobic
aerobic digestion,aerobic wet digestion
aerobic digestion,digestion followed aerobic
aerobic digestion,"digestion , aerobic"
aerobic fermentation,aerobically fermented
aerobic reactor,reactor under aerobic
aerobic reactor,reactors under aerobic
aerobic reactor,aerobic reactors
aerobic reactor,aerobic granular reactors
aerobic reactor,aerobic composting reactor
aerobic reactor,aerobic granular reactor
algal biofuel,algal biofuels
algal biofuel,Algal biofuel
algal biofuel,Algal biofuels
algal biofuel,algal based biofuel
algal biofuel,biofuels from algal
algal reactor,reactor with algal
algal reactor,Algal batch reactor
algal reactor,algal batch reactor
algal reactor,reactors for algal
algal reactor,reactor . Algal
alternative bioethanol,bioethanol as alternative
alternative bioethanol,alternative biotechnologies Bioethanol
alternative bioethanol,Alternative Bioethanol
anaerobic batch,anaerobic sequencing batch
anaerobic batch,Anaerobic Sequencing Batch
anaerobic batch,Anaerobic batches
anaerobic batch,Anaerobic batch
anaerobic batch,batch mode anaerobic
anaerobic batch,batch thermophilic anaerobic
anaerobic batch,Batch Mesophilic Anaerobic
anaerobic batch,batch anaerobic
anaerobic batch,anaerobic mesophilic batch
anaerobic batch,Batch mesophilic anaerobic
anaerobic batch,Batch anaerobic
anaerobic biodegradability,anaerobic biodegradation
anaerobic biodegradability,Biodegradation of anaerobic
anaerobic biodegradability,Anaerobic Biodegradability
anaerobic biodegradability,Anaerobic biodegradability
anaerobic biodegradability,Anaerobic biodegradation
anaerobic biogas,Biogas from anaerobic
anaerobic biogas,biogas using anaerobic
anaerobic biogas,biogas via anaerobic
anaerobic biogas,anaerobic digestion Biogas
anaerobic biogas,biogas through anaerobic
anaerobic biogas,Biogas from Anaerobic
anaerobic biogas,biogas anaerobic
anaerobic biogas,biogas by anaerobic
anaerobic biogas,Anaerobic digestion biogas
anaerobic biogas,biogas recovery Anaerobic
anaerobic biogas,biogas production Anaerobic
anaerobic biogas,anaerobic digestion biogas
anaerobic biogas,biogas and anaerobic
anaerobic biogas,anaerobic digesters Biogas
anaerobic biogas,Biogas Production Anaerobic
anaerobic biogas,biogas harvesting Anaerobic
anaerobic biogas,biogas . Anaerobic
anaerobic biogas,biogas Upflow anaerobic
anaerobic biogas,biogas ( anaerobic
anaerobic biogas,Biogas Anaerobic
anaerobic biogas,biogas Anaerobic
anaerobic biogas,anaerobically digested biogas
anaerobic bioreactor,anaerobic membrane bioreactors
anaerobic bioreactor,anaerobic bioreactors
anaerobic bioreactor,anaerobic series bioreactors
anaerobic bioreactor,"bioreactors , Anaerobic"
anaerobic bioreactor,anaerobic membrane bioreactor
anaerobic compost,"Composting , anaerobic"
anaerobic compost,Composting of Anaerobic
anaerobic compost,"composting , anaerobic"
anaerobic compost,anaerobically treated compost
anaerobic compost,composted and anaerobically
anaerobic compost,composting or anaerobic
anaerobic compost,anaerobic EFB composting
anaerobic compost,anaerobic ) composting
anaerobic compost,Composting and anaerobic
anaerobic compost,compost and anaerobically
anaerobic compost,composting of anaerobic
anaerobic compost,composting . Anaerobic
anaerobic compost,"compost , anaerobic"
anaerobic compost,Anaerobic composting
anaerobic compost,composting and anaerobic
anaerobic compost,composting Anaerobic
anaerobic compost,composting of anaerobically
anaerobic compost,Composting and Anaerobic
anaerobic compost,compost using anaerobic
anaerobic compost,anaerobic composting
anaerobic compost,composted anaerobically
anaerobic compost,anaerobic digestate composting
anaerobic compost,anaerobic composts
anaerobic compost,composting ( anaerobic
anaerobic digester,anaerobic sludge digestion
anaerobic digester,"digestion , anaerobic"
anaerobic digester,digester The anaerobic
anaerobic digester,digestion wastewater Anaerobic
anaerobic digester,anaerobic biogas digester
anaerobic digester,digestibility for anaerobic
anaerobic digester,Anaerobic Digestion
anaerobic digester,Anaerobic Treatment Digestion
anaerobic digester,digesters The anaerobic
anaerobic digester,Anaerobic Digestate
anaerobic digester,Anaerobic Digester
anaerobic digester,anaerobic wet digestion
anaerobic digester,Digestate from anaerobic
anaerobic digester,Anaerobic Liquid Digestate
anaerobic digester,anaerobic biogas digesters
anaerobic digester,digestion Anaerobic
anaerobic digester,anaerobic digested
anaerobic digester,digested by anaerobic
anaerobic digester,Anaerobic digested
anaerobic digester,anaerobic tubular digester
anaerobic digester,anaerobic digesters
anaerobic digester,digesting anaerobic
anaerobic digester,digestate Anaerobic
anaerobic digester,digestibility during anaerobic
anaerobic digester,anaerobic batch digester
anaerobic digester,Anaerobic digestions
anaerobic digester,anaerobic fiber digesting
anaerobic digester,digesters Anaerobic
anaerobic digester,anaerobic dry digestion
anaerobic digester,digester for anaerobic
anaerobic digester,Anaerobic digester
anaerobic digester,anaerobic digestibility
anaerobic digester,anaerobic methane digested
anaerobic digester,anaerobic digestion
anaerobic digester,anaerobic plant digestate
anaerobic digester,anaerobic digestates
anaerobic digester,Anaerobically digested
anaerobic digester,anaerobic liquid digestate
anaerobic digester,digesters . Anaerobic
anaerobic digester,digested in anaerobic
anaerobic digester,Anaerobic digestion
anaerobic digester,Anaerobic Digestates
anaerobic digester,digester involves anaerobic
anaerobic digester,Anaerobic digestate
anaerobic digester,anaerobic digestate
anaerobic digester,Digestate from Anaerobic
anaerobic digester,anaerobically digested
anaerobic digester,digestion Implementing anaerobic
anaerobic digester,digestate stability Anaerobic
anaerobic digester,digestate composting Anaerobic
anaerobic digester,anaerobic digestions
anaerobic digester,Digestion System Anaerobic
anaerobic digester,digestate from anaerobic
anaerobic digester,digestibility in anaerobic
anaerobic digester,digestate from anaerobically
anaerobic digester,anaerobic solid digestates
anaerobic digester,Anaerobically Digested
anaerobic digester,Digestate : Anaerobic
anaerobic digester,anaerobically co digested
anaerobic digester,Anaerobic Digested
anaerobic digester,anaerobic co digestion
anaerobic digester,digested anaerobically
anaerobic digester,digester Anaerobic
anaerobic digester,digestate . Anaerobic
anaerobic digester,digestates from anaerobic
anaerobic digester,digestate application Anaerobic
anaerobic digestion,anaerobic sludge digestion
anaerobic digestion,"digestion , anaerobic"
anaerobic digestion,digester The anaerobic
anaerobic digestion,digestion wastewater Anaerobic
anaerobic digestion,anaerobic digester
anaerobic digestion,anaerobic biogas digester
anaerobic digestion,digestibility for anaerobic
anaerobic digestion,Anaerobic Digestion
anaerobic digestion,Anaerobic Treatment Digestion
anaerobic digestion,digesters The anaerobic
anaerobic digestion,Anaerobic Digestate
anaerobic digestion,Anaerobic Digester
anaerobic digestion,anaerobic wet digestion
anaerobic digestion,Digestate from anaerobic
anaerobic digestion,Anaerobic Liquid Digestate
anaerobic digestion,anaerobic biogas digesters
anaerobic digestion,digestion Anaerobic
anaerobic digestion,anaerobic digested
anaerobic digestion,digested by anaerobic
anaerobic digestion,Anaerobic digested
anaerobic digestion,anaerobic tubular digester
anaerobic digestion,anaerobic digesters
anaerobic digestion,digesting anaerobic
anaerobic digestion,digestate Anaerobic
anaerobic digestion,digestibility during anaerobic
anaerobic digestion,anaerobic batch digester
anaerobic digestion,Anaerobic digestions
anaerobic digestion,anaerobic fiber digesting
anaerobic digestion,digesters Anaerobic
anaerobic digestion,anaerobic dry digestion
anaerobic digestion,digester for anaerobic
anaerobic digestion,Anaerobic digester
anaerobic digestion,anaerobic digestibility
anaerobic digestion,anaerobic methane digested
anaerobic digestion,anaerobic plant digestate
anaerobic digestion,anaerobic digestates
anaerobic digestion,Anaerobically digested
anaerobic digestion,anaerobic liquid digestate
anaerobic digestion,digesters . Anaerobic
anaerobic digestion,digested in anaerobic
anaerobic digestion,Anaerobic digestion
anaerobic digestion,Anaerobic Digestates
anaerobic digestion,digester involves anaerobic
anaerobic digestion,Anaerobic digestate
anaerobic digestion,anaerobic digestate
anaerobic digestion,Digestate from Anaerobic
anaerobic digestion,anaerobically digested
anaerobic digestion,digestion Implementing anaerobic
anaerobic digestion,digestate stability Anaerobic
anaerobic digestion,digestate composting Anaerobic
anaerobic digestion,anaerobic digestions
anaerobic digestion,Digestion System Anaerobic
anaerobic digestion,digestate from anaerobic
anaerobic digestion,digestibility in anaerobic
anaerobic digestion,digestate from anaerobically
anaerobic digestion,anaerobic solid digestates
anaerobic digestion,Anaerobically Digested
anaerobic digestion,Digestate : Anaerobic
anaerobic digestion,anaerobically co digested
anaerobic digestion,Anaerobic Digested
anaerobic digestion,anaerobic co digestion
anaerobic digestion,digested anaerobically
anaerobic digestion,digester Anaerobic
anaerobic digestion,digestate . Anaerobic
anaerobic digestion,digestates from anaerobic
anaerobic digestion,digestate application Anaerobic
anaerobic fermentation,fermented under anaerobic
anaerobic fermentation,fermented by anaerobic
anaerobic fermentation,Anaerobic Fermentation
anaerobic fermentation,anaerobic acidification fermentation
anaerobic fermentation,Anaerobic dark fermentation
anaerobic fermentation,anaerobically fermented
anaerobic fermentation,fermentation by anaerobic
anaerobic fermentation,"fermentation , anaerobic"
anaerobic fermentation,anaerobic hydrogenogenic fermentation
anaerobic fermentation,anaerobic bacterial fermentative
anaerobic fermentation,anaerobic dry fermentation
anaerobic fermentation,anaerobic dark fermentation
anaerobic fermentation,fermentation were anaerobically
anaerobic fermentation,fermented anaerobically
anaerobic fermentation,fermentation or anaerobic
anaerobic fermentation,fermentation Anaerobic
anaerobic fermentation,anaerobic fermentative
anaerobic fermentation,fermentation and anaerobic
anaerobic fermentation,fermentation in anaerobic
anaerobic fermentation,anaerobic FW fermentation
anaerobic fermentation,Anaerobic fermentation
anaerobic fermentation,anaerobic biohythane fermentation
anaerobic methane,Anaerobic Methane
anaerobic methane,methane via anaerobic
anaerobic methane,methane yield Anaerobic
anaerobic methane,methane under anaerobic
anaerobic methane,methane by anaerobic
anaerobic methane,Methane Production Anaerobic
anaerobic methane,methane co-production Anaerobic
anaerobic methane,methane in anaerobic
anaerobic methane,methane anaerobic
anaerobic methane,methane production Anaerobic
anaerobic methane,methane through anaerobic
anaerobic pilot,Pilot scale anaerobic
anaerobic pilot,pilot anaerobic
anaerobic pilot,pilot scale anaerobic
anaerobic pilot,Anaerobic pilot
batch,Batch
batch,batches
batch,batched
batch biohydrogen,Batch biohydrogen
batch bioreactor,Batch Bioreactor
batch bioreactor,bioreactor under batch
batch bioreactor,batch mode bioreactors
batch bioreactor,Batch bioreactor
batch digester,digested under batch
batch digester,digestate . Batch
batch digester,digestion ( batch
batch digester,batch anaerobic digester
batch digester,digestion . Batch
batch digester,digestion in batch
batch digester,batch type digesters
batch digester,batch digestion
batch digester,batch anaerobic digesters
batch digester,Batch digestion
batch digester,batch anaerobic digestion
batch digester,Batch anaerobic digestion
batch digester,batch digesters
batch digester,digestion during batch
batch experiment,Batch desorption experiments
batch experiment,Batch production experiments
batch experiment,batch leaching experiment
batch experiment,experiment Batch
batch experiment,batch reactor experiments
batch experiment,batch experiments
batch experiment,batch assay experiments
batch experiment,batch distillation experiment
batch experiment,batch AD experiments
batch experiment,experimented under batch
batch experiment,batch anaerobic experiments
batch experiment,Batch experiments
batch experiment,batch SSAD experiments
batch experiment,Batch experiment
batch experiment,batch sorption experiments
batch experiment,Batch fermentation experiments
batch experiment,batch adsorption experiments
batch experiment,batch fermentation experiments
batch feeding,batch reactors fed
batch feeding,batch digester fed
batch feeding,batch reactor fed
batch feeding,batch and fed
batch feeding,Batch Feeding
batch feeding,Batch feeding
batch feeding,fed batch
batch fermentation,Batch fermentation
batch fermentation,fermentation batches
batch fermentation,fermentation Batch
batch fermentation,batch coculture fermentation
batch fermentation,fermentation batch
batch fermentation,batch methane fermentation
batch fermentation,fermentation in batch
batch fermentation,batch process fermentation
batch fermentation,Batch Fermentation
batch fermentation,Batch dark fermentation
batch fermentation,Batch fermentations
batch fermentation,batch fermentations
batch fermentation,batch hydrogenogenic fermentation
batch fermentation,batch fermenters
batch fermentation,Batch ethanol fermentation
batch fermentation,batch ethanol fermentation
batch fermentation,fermentations in batch
batch fermentation,batches ethanol fermentation
batch methane,batch methanization
batch methane,methane by batch
batch photobioreactor,batch wise photobioreactor
batch photobioreactor,photobioreactor under batch
batch photobioreactor,batch membrane photobioreactor
batch process,batch AD processes
batch process,batch anaerobic process
batch process,process in batch
batch process,batch reactor process
batch process,batch fermentation process
batch process,process . Batch
batch process,batch TAD process
batch process,Batch process
batch process,process from batch
batch process,processes using batch
batch process,batch coculture process
batch reactor,batch reactors
batch reactor,Batch Biofilm Reactor
batch reactor,reactors : Batch
batch reactor,Batch Reactor
batch reactor,batch biofilm reactor
batch tests,Batch tests
batch tests,tested in batch
batch tests,batch adsorption tests
batch tests,batch equilibrium tests
batch tests,batch co-digestion tests
batch tests,Batch test
batch tests,batch test
batch tests,test batches
bed bioreactor,bed gasifier bioreactor
bed bioreactor,bed membrane bioreactor
bed digester,bed gasifier Digestate
bed reactor,bed pyrolysis reactor
bed reactor,bed reactors
bed reactor,bed biofilm reactor
bed reactor,Bed Reactor
bed reactor,reactor bed
bio composting,compost by bio
bio composting,bio compost
bio composting,bio composted
bio composting,bio enriched compost
bioconversion composting,composting for bioconversion
biodigester,biodigestibility
biodigester,biodigestion
biodigester,Biodigestion
biodigester,biodigested
biodigester,biodigesters
biodigester,Biodigester
biodigester,BIODIGESTER
biodigester effluent,Biodigester effluent
biodrying process,Biodrying Process
bioelectricity generation,generate bioelectricity
bioelectricity production,production of bioelectricity
bioelectricity production,bioelectricity ) production
bio energy,energy and bio
bioenergy bioprocessing,Bioenergy Bioprocessing
bioenergy generation,generation bioenergy
bioenergy generation,Generation of bioenergy
bioenergy generation,generalization Bioenergy
bioenergy generation,generate renewable bioenergies
bioenergy generation,generation of bioenergy
bioenergy generation,generate bioenergy
bioenergy production,Bioenergy production
bioenergy production,production of bioenergy
bioenergy production,bioenergy productions
bioenergy production,bioenergy products
bioenergy production,bioenergy energy production
bioenergy production,production and bioenergy
bioenergy production,bioenergy product
bioenergy production,production with bioenergy
bio ethanol,ethanol The bio
bioethanol fermentation,fermentation to bioethanol
bioethanol fermentation,fermenter for bioethanol
bioethanol fermentation,bioethanol fermenter
bioethanol fermentation,fermentation Bioethanol
bioethanol fermentation,fermentation into bioethanol
bioethanol fermentation,Fermentation to Bioethanol
bioethanol fermentation,bioethanol during fermentation
bioethanol fermentation,fermentation for bioethanol
bioethanol fermentation,Bioethanol Fermentation
bioethanol fermentation,fermentative bioethanol
bioethanol fermentation,fermentation . Bioethanol
bioethanol fermentation,fermentation and bioethanol
bioethanol yield,yield of bioethanol
bioethanol yield,bioethanol conversion yield
bioethanol yield,Bioethanol yield
bioethanol yield,yield bioethanol
bioethanol yield,bioethanol production yield
bioethanol yield,bioethanol yields
biofuel production,biofuel productivities
biofuel production,Biofuels production
biofuel production,products including biofuels
biofuel production,productivity and biofuel
biofuel production,biofuels production
biofuel production,Biofuel Production
biofuel production,Biofuels Production
biofuel production,Production of biofuels
biofuel production,products and biofuels
biofuel production,production through biofuels
biofuel production,production systems Biofuels
biofuel production,Biofuel Productivity
biofuel production,biofuel its production
biofuel production,Production of Biofuel
biofuel production,production of biofuel
biofuel production,production and biofuel
biofuel production,biofuel productivity
biofuel production,Biofuels : Production
biofuel production,production of biofuels
biofuel production,biofuel productions
biofuel production,products like biofuels
biofuel production,Production for Biofuels
biofuel production,"production , biofuel"
biofuel production,Biofuel production
biogas generation,generation of biogas
biogas generation,generated biogas
biogas generation,generating more biogas
biogas generation,"Generally , biogas"
biogas generation,generates biogas
biogas generation,biogas production generated
biogas generation,biogas to generate
biogas generation,biogas electricity generation
biogas generation,Generation of biogas
biogas generation,Biogas generated
biogas generation,generate renewable biogas
biogas generation,generating biogas
biogas generation,generate sufficient biogas
biogas generation,biogas was generated
biogas generation,generate biogas
biogas generation,Generation of Biogas
biogas generation,generate higher biogas
biogas generation,Biogas generation
biogas generation,biogas is generated
biogas generation,biogas could generate
biogas generation,generation using biogas
biogas generation,generation from biogas
biogas generation,"generation , biogas"
biogas generation,biogas generated
biogas generation,generated using biogas
biogas generation,generation utilizing biogas
biogas generation,Biogas Generation
biogas yield,biogas production yields
biogas yield,biogas ) yield
biogas yield,biogas ( yield
biogas yield,yield of biogas
biogas yield,yield . Biogas
biogas yield,biogas production yield
biogas yield,biogas yields
biogas yield,yields biogas
biogas yield,yields of biogas
biogas yield,"yield , biogas"
biogas yield,Biogas yields
biogas yield,Biogas yield
biogas yield,Biogas production yields
biohydrogen generation,generate biohydrogen
biohydrogen yield,biohydrogen production yield
biohydrogen yield,yield . Biohydrogen
biohydrogen yield,yield of biohydrogen
biohydrogen yield,yields of biohydrogen
biomass energy,Biomass based energy
biomass energy,energy from biomass
biomass energy,energy using biomass
biomass energy,energy of biomass
biomass energy,Biomass Energy
biomass energy,Energy from biomass
biomass energy,energy biomass
biomass energy,Energy Source Biomass
biomass energy,energy into biomass
biomass energy,biomass and energy
biomass energy,biomass to energy
biomass energy,biomass into energy
biomass energy,biomass . Energy
biomass energy,Biomass energy
biomass energy,biomass for energy
biomass fermentation,fermentation after biomass
biomass fermentation,Fermentation for Biomass
biomass fermentation,fermentation biomass
biomass fermentation,fermented biomass
biomass fermentation,biomass Dark fermentation
biomass fermentation,biomass requires fermentation
biomass fermentation,biomass from fermentation
biomass fermentation,ferment biomass
biomass fermentation,Biomass in Fermentative
biomass fermentation,biomass through fermentation
biomass fermentation,fermentation of biomass
biomass fermentation,fermentation Lignocellulosic biomass
biomass fermentation,Biomass for Fermentable
biomass fermentation,biomass . Fermentation
biomass fermentation,fermentation from biomass
biomass fermentation,Biomass and fermentation
biomass fermentation,biomass into fermentable
biomass fermentation,fermentation . Biomass
biomass fermentation,Fermentation Lignocellulosic biomass
biomass fermentation,biomass was fermented
biomass fermentation,fermentation and biomass
biomass fermentation,biomass and fermentation
biomass fermentation,"biomass , fermentation"
biomass fermentation,Biomass fermentation
biomass fermentation,biomass after fermentation
biomass fermentation,biomass wastes Fermentative
biomass fermentation,biomass to fermentable
biomethanation,biomethanization
biomethanation,Biomethanation
biomethanation,biomethane
biomethanation,Biomethane
bio methane,bio methanation
biotransformation,biotransform
biotransformation,biotransformed
biotransformation,Biotransformation
bmp,BMP
bmp,BMPs
bokashi,BOKASHI
bokashi,Bokashi
cellulosic ethanol,cellulose to ethanol
cellulosic ethanol,Cellulosic Ethanol
cellulosic ethanol,ethanol . Cellulosic
cellulosic ethanol,Cellulosic ethanol
cellulosic ethanol,ethanol from cellulosic
cellulosic ethanol,ethanol from cellulose
ch4,CH4
ch4 emissions,emissions . CH4
ch4 emissions,emission of CH4
ch4 emissions,CH4 ) emission
ch4 emissions,emissions of CH4
ch4 emissions,emissions from CH4
ch4 emissions,CH4 emission
ch4 emissions,CH4 emissions
ch4 emissions,emissions ( CH4
ch4 emissions,CH4 ) emissions
closed digester,closed anaerobic digestion
closed digester,digester was closed
closed reactor,closed a reactor
closed reactor,closed methane reactor
co composting,Co -- composting
co composting,Co ? composting
co composting,compost ( CO
co composting,Co Compost
co composting,co composted
co digester,co digested
co digester,co digestion
co generation,generating CO
co generation,generation of CO
co generation,CO was generated
column bioreactor,column bioreactors
combined pretreatment,combining a pretreatment
combined pretreatment,combination of pretreatment
combined pretreatment,combined NaOH-thermal pretreatments
combined pretreatment,combining pretreatment
combined pretreatment,Combined Pretreatment
combined pretreatment,combining thermal pretreatment
combined pretreatment,combining hydrothermal pretreatment
combined pretreatment,combined OGEC-Ultrasound pretreated
combined pretreatment,pretreatment in combination
combined pretreatment,combined NaOH-thermal pretreated
combined pretreatment,combined NaOH-thermal pretreatment
combined pretreatment,pretreatments A combinative
combined pretreatment,pretreatment combined
combined pretreatment,Combined pretreatment
combined pretreatment,combining Fenton-like pretreatment
combined pretreatment,pretreated using combinations
combined pretreatment,combining mechanical pretreatment
combined pretreatment,combination pretreat
combined pretreatment,combination pretreatment
compost bioreactor,compost bioreactors
compost bioreactor,bioreactor reduced composting
compost bioreactor,composting bioreactor
compost maturity,compost matured
compost maturity,compost attains maturity
compost maturity,Compost maturation
compost maturity,Mature municipal compost
compost maturity,maturation of composts
compost maturity,matured compost
compost maturity,matured in compost
compost maturity,compost with maturity
compost maturity,compost maturation
compost maturity,maturity Composting
compost maturity,maturity compost
compost maturity,composts as matures
compost maturity,mature composting
compost maturity,composting . Matured
compost maturity,maturity of compost
compost maturity,mature composts
compost maturity,maturation composting
compost maturity,composts are mature
compost maturity,Mature compost
compost maturity,maturation of compost
compost maturity,maturity in composting
compost maturity,composting to maturity
compost maturity,Matured compost
compost maturity,composts achieved maturation
compost maturity,composting and maturation
compost maturity,maturity and composting
compost maturity,Compost maturity
compost maturity,compost was mature
compost maturity,composting . Mature
compost maturity,matured starter compost
compost maturity,composting maturation
compost maturity,maturity during composting
compost maturity,composting with mature
compost maturity,compost reached maturity
compost maturity,composts to maturity
compost maturity,composts maturity
compost maturity,Compost Maturity
compost maturity,compost at maturity
compost maturity,maturity . Composting
compost maturity,maturing composts
compost maturity,maturity of composting
compost maturity,mature compost
compost maturity,matured composts
compost maturity,maturation whereas composts
compost maturity,composting Mature
compost maturity,composting maturity
compost maturity,compost piles maturity
composting vermicomposting,composting + vermicomposting
composting vermicomposting,composting  vermicomposting
composting vermicomposting,composts and/or vermicomposts
composting vermicomposting,composting and vermicomposting
composting vermicomposting,vermicomposts and composts
composting vermicomposting,composts and vermicomposts
composting vermicomposting,vermicompost and composted
composting vermicomposting,vermicomposts vs. composts
composting vermicomposting,composts or vermicomposts
composting vermicomposting,"vermicomposting , composting"
composting vermicomposting,"composted , vermicomposted"
composting vermicomposting,compost . Vermicomposting
composting vermicomposting,vermicomposting and composting
composting vermicomposting,Composts and vermicomposts
composting vermicomposting,Vermicompost and compost
composting vermicomposting,Vermicomposting and composting
composting vermicomposting,composting . Vermicompost
composting vermicomposting,Vermicomposting of composted
composting vermicomposting,compost against vermicompost
composting vermicomposting,"composting , vermicomposting"
composting vermicomposting,vermicompost . Composted
composting vermicomposting,compost Vermicomposting
composting vermicomposting,Vermicompost and Compost
composting vermicomposting,compost . Vermicompost
composting vermicomposting,vermicompost and compost
composting vermicomposting,vermicompost ( compost
composting vermicomposting,compost + vermicompost
composting vermicomposting,composted or vermicomposted
composting vermicomposting,compost or vermicompost
composting vermicomposting,Compost and vermicompost
composting vermicomposting,compost and/or vermicompost
composting vermicomposting,compost and vermicompost
composting vermicomposting,vermicompost or compost
composting vermicomposting,"composts , vermicompost"
composting vermicomposting,"composting , vermicompost"
composting vermicomposting,compost whereas vermicompost
composting vermicomposting,Compost and Vermicompost
composting vermicomposting,"compost , vermicompost"
composting vermicomposting,composting . Vermicomposting
composting vermicomposting,composting or vermicomposting
composting vermicomposting,Composting and vermicomposting
composting vermicomposting,vermicomposts over composts
composting vermicomposting,composts and vermicompost
composting vermicomposting,composted and vermicomposted
composting vermicomposting,Composting vs. Vermicomposting
consecutive batch,consecutive batches
continuous bioreactor,continuous baffled bioreactors
continuous bioreactor,bioreactor . Continuous
continuous bioreactor,bioreactor for continuous
continuous digester,Continuous anaerobic digestion
continuous digester,digester under continuous
continuous digester,continuous feed digesters
continuous digester,continuously mixed digesters
continuous digester,digesters . Continuous
continuous digester,continuous anaerobic digestion
continuous digester,digester was continuously
continuous digester,continuous anaerobic digester
cstr,CSTRs
cstr,CSTR
dark fermentation,Dark fermentative
dark fermentation,dark fermentative
dark fermentation,dark hydrogen fermentation
dark fermentation,dark fermentations
dark fermentation,Dark fermentation
dark fermentation,dark H2 fermentation
dark fermentation,fermentation for dark
dark fermentation,darkness . Fermentation
dark fermentation,fermentation Dark
dark fermentation,fermentation . Dark
dark fermentation,dark methane fermentation
dark fermentation,Dark hydrogen fermentation
dark fermentation,dark fermenter
digestion,digest
digestion,Digestibilities
digestion,Digesters
digestion,digestible
digestion,digester
digestion,Digester
digestion,digested
digestion,digesters
digestion,Digestibility
digestion,Digested
digestion,Digestates
digestion,Digesting
digestion,digestates
digestion,digestate
digestion,Digestive
digestion,digestions
digestion,Digestate
digestion,digestibilities
digestion,digestibility
digestion,Digestion
digestion,digestive
digestion,Digestible
digestion,digests
digestion,digesting
digestion biogas,biogas digesters
digestion biogas,digestion enhanced biogas
digestion biogas,Biogas Anaerobic Digester
digestion biogas,Digestion Beyond Biogas
digestion biogas,biogas Anaerobic digestion
digestion biogas,Biogas Production Digestate
digestion biogas,biogas digester
digestion biogas,biogas digestate
digestion biogas,digested for biogas
digestion biogas,"digestibility , biogas"
digestion biogas,digesters for biogas
digestion biogas,digestion for biogas
digestion biogas,biogas anaerobic digesters
digestion biogas,biogas reactor digesting
digestion biogas,digestion provides biogas
digestion biogas,Digestate from Biogas
digestion biogas,digestion . Biogas
digestion biogas,digestion of biogas
digestion biogas,Biogas digester
digestion biogas,digested biogas
digestion biogas,digesters Biogas
digestion biogas,digesting biogas
digestion biogas,Biogas digesters
digestion biogas,digester 's biogas
digestion biogas,digestion and biogas
digestion biogas,digestion into biogas
digestion biogas,digestion Biogas
digestion biogas,biogas and digestate
digestion biogas,"digestion , biogas"
digestion biogas,biogas digestion
digestion biogas,digestion increased biogas
digestion biogas,digested supplies biogas
digestion biogas,digestion produces biogas
digestion biogas,digestate . Biogas
digestion biogas,digestate and biogas
digestion biogas,digester for biogas
digestion biogas,digestion beyond biogas
digestion biogas,"digesters , biogas"
digestion biogas,biogas anaerobic digestion
digestion biogas,biogas farms digestate
digestion biogas,biogas digestates
digestion biogas,Biogas Digesters
digestion plant,digestion plants
digestion plant,digester plant
digestion plant,Digestion Plant
digestion plant,digested biogas plant
digestion plant,plants Anaerobic digestion
digestion plant,digestion power plants
digestion plant,digestion biogas plant
digestion plant,digestion treatment plants
digestion plant,plant digestate
digestion process,Digestion Process
digestion process,process Digested
digestion process,digestive processes
digestion process,digestion treatment processes
digestion process,Digestate management process
digestion process,digestate processing
digestion process,process with digestate
digestion process,processing of digestates
digestion process,digestion and process
digestion process,digester : process
digestion process,digestion processes
digestion process,Digestion Processes
digestion process,Digestion process
digestion process,digestions processes
digestion process,digestion waste-to-energy process
digestion reactor,digestion reactors
digestion reactor,digestate recycled reactor
digestion reactor,Reactor Anaerobic digestion
digestion reactor,reactor was digesting
digestion reactor,reactor treating digestate
digestion reactor,reactor digesting
digestion reactor,reactor after digestate
digestion reactor,digestion ( reactor
digestion reactor,reactor Anaerobic digestion
domestic biogas,Domestic Biogas
domestic biogas,biogas domestically
domestic biogas,biogas for domestic
drum composter,drum composters
drum composter,drum composting
drum composter,composting drums
drum composter,Drum composting
drum composter,Drum Composter
drum composter,drum ) composting
dry fermentation,fermentation with dry
dry fermentation,dry methane fermentation
dry fermentation,fermentation and drying
dry fermentation,Dry Fermentation
dry fermentation,dry fermented
dry fermentation,fermentation and dry
dry fermentation,Dry fermentation
dry fermentation,dried fermented
dual sludge,Dual Sludge
energy crops,crop residue energy
energy crops,Energy crops
energy crops,crop energy
energy crops,crop and energy
energy crops,energy crop
enhanced bioenergy,enhancing bioenergy
enhanced bioenergy,bioenergy . Enhancement
enhanced bioenergy,Enhanced bioenergy
enhanced bioenergy,Enhanced thermophilic bioenergy
enhanced biofuel,biofuels . Enhanced
enhanced biofuel,enhance biofuel
enhanced biofuel,Biofuel Production Enhancement
enhanced biofuel,Enhancement of biofuel
enhanced biofuel,enhancement of biofuels
enhanced biogas,enhance the biogas
enhanced biogas,Enhancement of biogas
enhanced biogas,enhance biogas
enhanced biogas,biogas residue enhanced
enhanced biogas,Enhancement of Biogas
enhanced biogas,enhancing biogas
enhanced biogas,Enhancing biogas
enhanced biogas,enhancement in biogas
enhanced biogas,enhancing the biogas
enhanced biogas,Enhanced Biogas
enhanced biogas,enhanced the biogas
enhanced biogas,biogas enhancement
enhanced biogas,enhancing thermophilic biogas
enhanced biogas,enhancement of biogas
enhanced biogas,Enhanced biogas
enhanced biogasification,enhancement of biogasification
enhanced ethanol,enhancement of ethanol
enhanced ethanol,Enhanced fuel ethanol
enhanced ethanol,Enhancing ethanol
enhanced ethanol,ethanol . Enhancement
enhanced ethanol,enhanced the ethanol
enhanced ethanol,enhance their ethanol
enhanced ethanol,enhance ethanol
enhanced ethanol,enhance the ethanol
enhanced ethanol,Enhanced ethanol
enhanced methane,enhancement in methane
enhanced methane,methane production enhancement
enhanced methane,methane yield enhancement
enhanced methane,enhance methane
enhanced methane,Methanization Enhancement
enhanced methane,Enhancing methane
enhanced methane,enhances methane
enhanced methane,enhance the methane
enhanced methane,enhance the methanization
enhanced methane,Enhanced methane
enhanced methane,enhancement of methane
enhanced methane,enhancing the methane
enhanced methane,methane enhancement
enhanced methane,enhancing methane
enhanced methane,Enhancement of methane
enhanced methane,methane yield enhancing
enhanced methane,enhanced the methane
enhanced methane,Methane yield enhancement
enhanced methanogenesis,enhancing methanogenesis
enhanced methanogenesis,enhanced hydrogenotrophic methanogenesis
enhanced methanogenesis,"methanogenesis , enhance"
enhanced methanogenesis,enhance methanogenesis
enhanced methanogenesis,enhancement of methanogenesis
enhanced methanogenesis,Enhancing methanogenesis
enhanced methanogenesis,methanogenesis were enhanced
enhanced vermicomposting,vermicompost can enhance
enhanced vermicomposting,vermicompost significantly enhanced
enhanced vermicomposting,vermicompost enhanced
enhanced vermicomposting,Enhanced vermicomposting
enhanced vermicomposting,vermicomposts enhanced
enhanced vermicomposting,enhancing vermicompost
enhanced vermicomposting,enhance the vermicomposting
enhanced vermicomposting,enhance vermicompost
enhanced vermicomposting,Vermicompost enhanced
enhanced vermicomposting,Vermicomposting enhanced
enhanced vermicomposting,Vermicomposting could enhance
enhanced vermicomposting,Vermicompost could enhance
enhanced vermicomposting,Vermicompost significantly enhanced
enhanced vermicomposting,vermicompost . Enhancement
enhanced vermicomposting,vermicompost . Enhanced
enhanced vermicomposting,Vermicompost enhance
ethanol biosynthesis,Ethanol biosynthesis
ethanol biosynthesis,biosynthesis of ethanol
ethanol production,ETHANOL PRODUCTION
ethanol production,products and ethanol
ethanol production,production Fuel ethanol
ethanol production,production Lignocellulose ethanol
ethanol production,production of ethanolic
ethanol production,productivity for ethanol
ethanol production,production to ethanol
ethanol production,Ethanol Product
ethanol production,ethanol productions
ethanol production,products like ethanol
ethanol production,Ethanol productions
ethanol production,productions with ethanol
ethanol production,Production of ethanol
ethanol production,Ethanol production
ethanol production,production ( ethanol
ethanol production,"product , ethanol"
ethanol production,ethanol ) production
ethanol production,"production , ethanol"
ethanol production,product ethanol
ethanol production,products . Ethanol
ethanol production,productions of ethanol
ethanol production,ethanol volumetric productivity
ethanol production,Ethanol Production
ethanol production,ethanol product
ethanol production,production of ethanol
ethanol production,Production of Ethanol
ethanol production,productivity of ethanol
ethanol production,production Ethanol
ethanol production,ethanol productivity
ethanol production,products  ethanol
ethanol production,ethanol productivities
ethanol production,product and ethanol
ethanol production,production and ethanol
ethanol production,ethanol energy production
ethanol production,ethanol . Production
ethanol production,product ( ethanol
ethanol production,production . Ethanol
ethanol yield,"ethanol , yielding"
ethanol yield,ethanol production yield
ethanol yield,yield and ethanol
ethanol yield,yield ) ethanol
ethanol yield,ethanol with yields
ethanol yield,yielded more ethanol
ethanol yield,ethanol yields
ethanol yield,ethanol ( yield
ethanol yield,yield by ethanol
ethanol yield,ethanol yielding
ethanol yield,"Yield , ethanol"
ethanol yield,yield of ethanol
ethanol yield,yield . Ethanol
ethanol yield,yields of ethanol
ethanol yield,Ethanol yield
ethanol yield,yield in ethanol
ethanol yield,Ethanol yields
ethanol yield,yielded an ethanol
ethanol yield,yielded ethanol
ethanol yield,"ethanol , yield"
ethanol yield,yielded maximum ethanol
ethanol yield,yield higher ethanol
ethanol yield,"yield , ethanol"
ethanolic biodiesel,ethanol and biodiesel
ethanolic biodiesel,ethanol or biodiesel
ethanolic biodiesel,ethanol for biodiesel
ethanolic biodiesel,biodiesel and ethanol
ethanolic biodiesel,"ethanol , biodiesel"
ethanol methane,Methane and ethanol
ethanol methane,methane and ethanol
ethanol methane,ethanol and methane
feed digesters,digestion plant fed
feed digesters,digesters fed
feed digesters,"digesters , fed"
feed digesters,fed with digestate
feed digesters,feeding and digestate
feed digesters,digester fed
feed digesters,digester feed
feed digesters,fed digesters
feed digesters,digesters feeding
feed digesters,Feed Digestion
feed digesters,digester was fed
feed inoculum,feed to inoculum
fermentation,fermenter
fermentation,fermenting
fermentation,fermenters
fermentation,fermentable
fermentation,fermentated
fermentation,fermentative
fermentation,fermentability
fermentation,Fermentative
fermentation,Fermentable
fermentation,fermentations
fermentation,Fermented
fermentation,Fermentation
fermentation,ferment
fermentation,fermented
fermentation,Fermentations
fermentation,FERMENTATION
fermentation,Fermenting
fermentative ethanol,Ethanolic fermentation
fermentative ethanol,Fermentation of Ethanol
fermentative ethanol,fermentation and ethanol
fermentative ethanol,ethanol batch fermentation
fermentative ethanol,Ethanol fermentations
fermentative ethanol,ethanol tolerant fermentative
fermentative ethanol,fermentation Batch ethanol
fermentative ethanol,fermented into ethanol
fermentative ethanol,fermentable to ethanol
fermentative ethanol,fermented with ethanolic
fermentative ethanol,ethanol under fermentation
fermentative ethanol,fermented to ethanol
fermentative ethanol,ethanol during fermentation
fermentative ethanol,Ethanol batch fermentation
fermentative ethanol,ethanolic fermentation
fermentative ethanol,fermentation of ethanol
fermentative ethanol,ethanol fermentations
fermentative ethanol,fermentation for ethanol
fermentative ethanol,Fermentation of ethanol
fermentative ethanol,ethanol production fermented
fermentative ethanol,fermentations . Ethanol
fermentative ethanol,fermentation to ethanol
fermentative ethanol,ethanol by fermentation
fermentative ethanol,Ethanol fermentation
fermentative ethanol,fermentation . Ethanol
fermentative ethanol,Ethanol Fermentation
fermentative ethanol,ethanol with fermentation
fermentative ethanol,ethanol fermentation
hydrogen fermentation,Fermentative Hydrogen
hydrogen fermentation,fermentation for hydrogen
hydrogen fermentation,Fermentative hydrogen
hydrogen fermentation,fermentative hydrogen
hydrogen fermentation,fermentation . Hydrogen
hydrogen fermentation,fermentation hydrogen
fermentative methane,fermentation and methane
fermentative methane,methane fermentation
fermentative methane,"fermentation , methane"
fermentative methane,Methane fermentation
fermentative methane,fermentation for methane
fermentative methane,fermentation on methane
methane fermentation,fermentative methane
methane fermentation,fermentation and methane
methane fermentation,"fermentation , methane"
methane fermentation,Methane fermentation
methane fermentation,fermentation for methane
methane fermentation,fermentation on methane
forced aeration,Forced aeration
forced aeration,force aeration
forced aeration,Forced Aerated
forced aeration,aerator and forced
forced aeration,forced aerated
fuel bioethanol,"fuels , bioethanol"
fuel bioethanol,Bioethanol ( fuel
fuel bioethanol,fuel . Bioethanol
fuel bioethanol,bioethanol fuel
fuel bioethanol,bioethanol production Fuel
fungal bioreactor,Fungal Bioreactor
fungal fermentation,fermentation . Fungal
fungal fermentation,Fungal fermentation
gas yield,"yield , gas"
gas yield,gas yields
gaseous biofuel,gaseous biofuels
heterotrophic bioreactors,Heterotrophic microalgal bioreactors
heterotrophic bioreactors,bioreactors Microalgal heterotrophic
household biogas,household with biogas
household biogas,households without biogas
household biogas,household without biogas
household biogas,Households with biogas
household biogas,households using biogas
household biogas,Household biogas
household digesters,household digester
household digesters,Household Digesters
household digesters,household biogas digesters
household digesters,household biogas digester
household digesters,household compost digesters
household digesters,digestion ( household
hyacinth digester,hyacinth pretreated digestate
hyacinth digester,hyacinth anaerobic digestion
hybrid bioreactor,Hybrid Bioreactor
hybrid bioreactor,Bioreactor A hybrid
hybrid reactor,hybrid anaerobic reactor
hybrid reactor,hybrid biological reactor
hydrogen gas,Hydrogen gas
hydrogen gas,hydrogen sulfide gases
hydrogen gas,gas . Hydrogen
hydrogen gas,gases . Hydrogen
hydrogen gas,hydrogen rich gas
hydrogen gas,gases and hydrogen
hydrogen gas,hydrogen in gas
hydrogen production,Hydrogen production
hydrogen production,hydrogen gas production
hydrogen production,production and hydrogen
hydrogen production,production from hydrogenic
hydrogen production,production . Hydrogen
hydrogen production,production Fermentative hydrogen
hydrogen production,production of hydrogen
hydrogen production,production from hydrogen
hydrogen production,Production of hydrogen
hydrogen production,Hydrogen Production
hydrogen production,hydrogen productivity
hydrothermal fermentation,fermentation . Hydrothermal
hydrothermal treatment,hydrothermal microwave treatment
hydrothermal treatment,Hydrothermal treatment
hydrothermal treatment,hydrothermal Hydrothermal treatments
hydrothermal treatment,Hydrothermal treatments
industrial biofuel,biofuels industrial
industrial biofuel,biofuels industry
industrial biofuel,biofuel industrial
industrial biofuel,biofuel industries
industrial biofuel,industrialize biofuels
industrial biofuel,biofuels industries
industrial biofuel,biofuel industry
intermittent aeration,intermittent aerated
intermittent aeration,Intermittent aeration
intermittent aeration,"aeration , intermittent"
intermittent aeration,aeration and intermittent
in vessel,in lab-scale vessels
in vessel,in Vessels
in vessel,In vessel
in vessel,In ? vessel
in vessel,in Vessel
in vessel,vessels resulted in
jatropha curcas,curcas . Jatropha
jatropha curcas,Jatropha curcas
leachate recirculation,recirculation of leachate
leachate recirculation,Leachate recirculation
leaf vermicomposting,leaves . Vermicomposting
leaf vermicomposting,vermicomposting of leaf
leaf vermicomposting,leaf manure vermicompost
leaf vermicomposting,leaf vermicompost
leaf vermicomposting,leaf litter vermicompost
leaf vermicomposting,leaf ; vermicompost
leaf vermicomposting,Vermicomposting of leaf
leaf vermicomposting,leaf litter vermicomposting
leaf vermicomposting,leaves based vermicompost
lignocellulosic bioethanol,Bioethanol from lignocellulosic
lignocellulosic bioethanol,Bioethanol Production Lignocellulosic
lignocellulosic bioethanol,Lignocellulosic Bioethanol
lignocellulosic bioethanol,Lignocellulosic bioethanol
lignocellulosic bioethanol,bioethanol from lignocellulose
lignocellulosic bioethanol,BIOETHANOL PRODUCTION Lignocellulosic
lignocellulosic bioethanol,bioethanol from lignocellulosic
lignocellulosic bioethanol,lignocelluloses to bioethanol
lignocellulosic bioprocess,bioprocessing of lignocellulosic
liquid biofuel,liquid biofuels
liquid fermentation,Fermentation Liquid
liquid fermentation,fermentated liquid
liquid fermentation,fermentation and liquid
liquid fermentation,fermentation material liquid
liquid fermentation,liquid shaking fermentation
liquid fermentation,fermentation liquid
liquid fermentation,Fermentation liquid
liquid fermentation,fermentation . Liquid
liquid fermentation,liquid state fermentation
liquid fermentation,liquid and fermenting
liquid fermentation,fermentative liquid
liquid fermentation,fermented liquid
liquid fermentation,fermentative liquids
liquid fermentation,Fermented liquid
liquid fermentation,Liquid State Fermentation
manure vermicomposting,manure + vermicompost
manure vermicomposting,"manures , vermicompost"
manure vermicomposting,manure into vermicompost
manure vermicomposting,manure in vermicomposting
manure vermicomposting,"Manure , Vermicompost"
manure vermicomposting,"manure , vermicompost"
manure vermicomposting,manure by vermicomposting
manure vermicomposting,vermicomposted poultry manure
manure vermicomposting,manure vermicompost
manure vermicomposting,vermicomposting for manure
manure vermicomposting,vermicompost and manure
manure vermicomposting,vermicomposted pig manure
manure vermicomposting,vermicomposting animal manure
manure vermicomposting,manure through vermicomposting
manure vermicomposting,manures like vermicompost
manure vermicomposting,manure and vermicompost
manure vermicomposting,manure vermicomposts
manure vermicomposting,manures were vermicomposted
manure vermicomposting,manure during vermicomposting
manure vermicomposting,Manure Vermicompost
manure vermicomposting,manure . Vermicompost
maturation phase,maturity phases
maturation phase,maturation phases
maturation phase,phase . Matured
maturation phase,maturing phases
maturation phase,mature phase
maturation phase,phase and mature
maturation phase,mature phases
maturation phase,maturing phase
maturation phase,maturity phase
maturation process,Maturity Process
maturation process,process when matured
maturation process,mature thermochemical process
maturation process,process and maturity
maturation process,Process and Maturity
maturation process,process . Maturity
maturation process,mature after processing
maturation process,mature composting process
maturation process,process of mature
maturation process,maturity process
maturation process,maturing process
mesophilic condition,Mesophilic condition
mesophilic condition,mesophilic anaerobic condition
mesophilic condition,mesophilic temperature condition
mesophilic condition,mesophilic conditions
mesophilic condition,mesophillic condition
mesophilic condition,mesophilic digestion condition
mesophilic condition,conditions for mesophilic
mesophilic condition,conditions of mesophilic
mesophilic condition,mesophilic temperature conditions
mesophilic phase,phase at mesophilic
mesophilic phase,mesophilic phases
mesophilic temperature,temperature of mesophilic
mesophilic temperature,Temperature > Mesophilic
mesophilic temperature,"temperature , mesophilic"
mesophilic temperature,mesophilic temperatures
methanation,methanization
methanation,Methane
methanation,methane
methanation,Methanation
methanation,Methanization
methane emission,methane emissions
methane emission,Methane emission
methane emission,Methane Emissions
methane emission,emission of methane
methane emission,emissions of methane
methane emission,Methane emissions
methane emission,methane gas emission
methane emission,Methane Emission
methane generation,methane than general
methane generation,Methane was generated
methane generation,generation of methane
methane generation,generating methane
methane generation,generation from methane
methane generation,Methane generation
methane generation,Methane Generation
methane generation,generate methane
methane generation,methane generations
methane generation,methane generated
methane generation,methane yields generally
methane production,Methane Production
methane production,methane productions
methane production,Methane productivity
methane production,methane ) production
methane production,"production , methane"
methane production,production : methane
methane production,products beyond methane
methane production,products . Methane
methane production,methane bioenergy production
methane production,methane product
methane production,productivity Methane
methane production,productivity of methane
methane production,methane productivity
methane production,production and methane
methane production,productions of methane
methane production,Production of methane
methane production,methane fuel production
methane production,products and methane
methane production,methane transformation production
methane production,productivity . Methane
methane production,Methane production
methane production,production . Methane
methane production,production as methane
methane production,productivity and methane
methane production,production of methane
methane yield,yield more methane
methane yield,yielded similar methane
methane yield,methane yields
methane yield,Methane yields
methane yield,methane production yield
methane yield,yielded a methane
methane yield,yield of methane
methane yield,"yield , methane"
methane yield,Methane yield
methane yield,yield lesser methane
methane yield,yield and methane
methane yield,yields and methane
methane yield,yielded maximum methane
methane yield,yielded methane
methanization system,methane production system
methanization system,system reduced methane
methanization system,system for methane
methanization system,systems improved methane
methanization system,system Methane
methanogenic phases,methanogenic lag phase
methanogenic phases,methanogenic phase
methanogens,methanogenic
methanogens,Methanogens
methanogens,Methanogen
methanogens,Methanogenic
methanogens,methanogen
microalgal biofuels,biofuels . Microalgal
microalgal biofuels,microalgal biofuel
microalgal bioreactor,microalgal heterotrophic bioreactors
microalgal bioreactor,microalgal bioreactors
microalgal bioreactor,bioreactors Microalgal
microalgal fermentation,fermentation and microalgal
microalgal fermentation,fermentative and microalgal
mill biogas,mills . Biogas
mill biogas,mills ; biogas
molasses fermentation,molasses and fermentation
molasses fermentation,fermented molasses
molasses fermentation,fermentation of molasses
molasses fermentation,molasses ( fermented
molasses fermentation,molasses was fermented
molasses fermentation,fermented sugarcane molasses
molasses fermentation,Fermentation from Molasses
molasses fermentation,fermentation from molasses
molasses fermentation,Molasses Fermentation
molasses fermentation,"fermentation , molasses"
mycothermus,Mycothermus
mycothermus thermophilus,Mycothermus thermophilus
ofmsw fermentation,OFMSW fermentation
oil biodiesel,Oil and Biodiesel
oil biodiesel,oils Biodiesel
oil biodiesel,oils to biodiesel
oil biodiesel,oil to biodiesel
oil biodiesel,oil crop-based biodiesel
oil biodiesel,oils for biodiesel
oil biodiesel,oil for biodiesel
open fermentation,open fermentative
open fermentation,open non-sterilized fermentation
overproduction,Overproduction
oxidation bioreactor,oxidation ditch-membrane bioreactor
passive aeration,passively aerated
passive aeration,Passive aeration
passive aeration,passively aerator
photobioreactor,photobioreactors
photobioreactor,Photobioreactor
photosynthetic microalgae,Microalgae have photosynthetic
pile heat,pile 's heat
pile heat,Pile Heat
pile shape,shape of pile
pile shape,PILE SHAPE
pile temperature,piles temperature
pile temperature,pile temperatures
pile temperature,"pile , temperature"
pile temperature,temperature in pile
pile temperature,temperature of pile
pile temperature,piles temperatures
pile temperature,Temperature during pile
pilot digester,digestion waste-to-energy pilot
pilot digester,Pilot Digesters
pilot digester,digestate A pilot
pilot digester,digestion at pilot
pilot digester,pilot digesters
pilot digester,pilot anaerobic digester
pilot digester,pilot scale digesters
plate photobioreactor,plate photobioreactors
poultry biogas,biogas Poultry
poultry biogas,biogas from poultry
pre composting,pre composted
renewable biomass,biomass is renewable
renewable biomass,renewal of biomass
renewable biomass,renewable lignocellulose biomass
renewable biomass,biomass for renewable
renewable biomass,Renewable lignocellulosic biomass
renewable biomass,Renewable biomass
renewable biomass,renewable plant biomass
renewable biomass,renewable microalgal biomass
renewable biomass,biomass derived renewable
renewable biomass,renewable lignocellulosic biomass
renewable biomass,biomass with renewable
renewable energy,renewable methane-rich energy
renewable energy,Renewable energy
renewable energy,renewable biomass energy
renewable energy,renewable clean energy
renewable energy,energy from renewable
renewable energy,Renewable Energy
renewable energy,renewable electric energy
renewable energy,renewable and energy
renewable energy,renewable electrical energy
renewable energy,renewable energies
renewable fuel,renewable biogas fuel
renewable fuel,renewable fuels
renewable fuel,fuel from renewable
renewable fuel,renewable liquid fuel
renewable fuel,fuels with renewable
renewable fuel,renewable methane fuel
renewable fuel,renewable transportation fuels
sawdust cocomposting,cocomposting with sawdust
seed sludge,seed sludges
seed sludge,Seed sludge
seed sludge,sludge as seed
silage fermentation,fermentation . Silage
silage fermentation,Silage Fermentation
sludge digestion,digestion of sludge
sludge digestion,digested sewage sludge
sludge digestion,digestate sludge
sludge digestion,digester sludge
sludge digestion,sludge anaerobic digesters
sludge digestion,sludge digestate
sludge digestion,sludge digester
sludge digestion,Sludge digestate
sludge digestion,digested waste sludge
sludge digestion,Sludge Digesting
sludge digestion,digested sludge
sludge digestion,digestion and sludge
sludge digestion,Sludge anaerobic digestion
sludge digestion,sludge Anaerobic digestion
sludge digestion,Sludge Anaerobic digestion
sludge digestion,digester sludges
sludge digestion,sludge digested
sludge digestion,sludge anaerobic digestion
sludge digestion,sludge anaerobic digestate
sludge digestion,sludge anaerobic digester
sludge digestion,sludge digesters
sludge digestion,digestion sludge
sludge digestion,Digested Sludge
sludge digestion,Digested Sewage Sludge
sludge fermentation,sludge anaerobic fermentation
sludge fermentation,sludge with fermented
sludge fermentation,fermented activated sludge
sludge vermicomposting,sludge in vermicomposting
sludge vermicomposting,sludge with vermicomposting
sludge vermicomposting,Vermicomposting of sludge
sludge vermicomposting,sludge during vermicomposting
sludge vermicomposting,sludge through vermicomposting
sludge vermicomposting,sludge by vermicomposting
sludge vermicomposting,vermicomposted sludge
sludge vermicomposting,vermicomposting of sludge
sludge vermicomposting,vermicomposting Sewage sludge
sludge vermicomposting,sludges into vermicompost
sludge vermicomposting,sludge vermicompost
sludge vermicomposting,sludge Vermicomposting
straw fermentation,fermented wheat straw
straw fermentation,fermented sorghum straw
straw fermentation,fermentation of straws
straw fermentation,fermented rice straw
straw fermentation,fermentation Rice straw
straw fermentation,straw and fermentation
straw fermentation,fermented straw
straw fermentation,fermented straws
straw fermentation,straw batch fermentation
sugarcane biorefineries,Sugarcane Biorefinery
sugarcane biorefineries,sugarcane biorefinery
sugarcane biorefineries,"biorefinery , sugarcane"
sugarcane ethanol,sugarcane for ethanol
sugarcane ethanol,ethanol . Sugarcane
sugarcane ethanol,"ethanol , sugarcane"
sugarcane ethanol,Sugarcane ethanol
sugarcane ethanol,ethanol from sugarcane
sugar ethanol,sugar to ethanol
sugar ethanol,ethanol from sugar
sugar ethanol,ethanol and sugar
sugar ethanol,sugar cane-based ethanol
sugar ethanol,"ethanol , sugar"
sugar ethanol,"sugar , ethanol"
sugar ethanol,sugar and ethanol
sugar ethanol,sugars to ethanol
sugar ethanol,sugars and ethanol
sugar ethanol,"sugars , ethanol"
sugar ethanol,sugars . Ethanol
sugar ethanol,ethanol and sugars
sugar ethanol,ethanol or sugar
sugar ethanol,sugars into ethanol
sugar ethanol,Ethanol /g Sugar
sugar ethanol,sugars for ethanol
sustainable biofuel,Sustainable biofuels
sustainable biofuel,Sustainable biofuel
sustainable biofuel,sustainability of biofuel
sustainable biofuel,sustainable biofuels
sustainable biogas,biogas digesters sustainable
sustainable biogas,Sustainable biogas
sustainable biorefinery,biorefinery for sustainable
sustainable biorefinery,sustainable biorefineries
sustainable vermicomposting,Vermicomposting for sustainable
sustainable vermicomposting,vermicompost to sustain
sustainable vermicomposting,sustainable agriculture Vermicompost
sustainable vermicomposting,vermicompost in sustainable
sustainable vermicomposting,Vermicomposting a sustainable
sustainable vermicomposting,vermicomposting for sustainable
sustainable vermicomposting,Sustainable Vermicomposting
synergistic bioconversion,Synergistic bioconversion
synergistic methane,Synergistic methane
synergistic methane,synergistically affect methane
synergistic methane,methane . Synergistic
syngas biomethanation,biomethanation of syngas
tank digester,Digested Septic Tank
tank digester,digester tanks
tank digester,digester tank
tank digester,digestion tank
tank digester,digestate tank
tank digester,digested tank
tank reactor,tank reactors
tank reactor,Tank Reactor
thermophilic biodigestion,Thermophilic biodigestion
thermophilic biogas,biogas production Thermophilic
thermophilic biohydrogen,Thermophilic biohydrogen
tubular photobioreactor,tubular photobioreactors
vermibiotechnology,Vermibiotechnology
vermicompost yield,yield of vermicompost
vermicompost yield,vermicompost yielding
vermicompost yield,vermicompost yields
vermicompost yield,yields . Vermicompost
vermicompost yield,Vermicomposting yielded
vermi composting,Vermi Compost
vermi composting,compost to vermi
vermi composting,vermi compost
vermi composting,Vermi composting
vermi composting,composts . Vermi
vermicomposting earthworm,earthworm in vermicomposting
vermicomposting earthworm,vermicomposts enhanced earthworm
vermicomposting earthworm,vermicomposting by earthworms
vermicomposting earthworm,Earthworms vermicompost
vermicomposting earthworm,"earthworms , vermicomposting"
vermicomposting earthworm,earthworms ( vermicomposting
vermicomposting earthworm,Earthworm 's vermicompost
vermicomposting earthworm,earthworms for vermicomposting
vermicomposting earthworm,earthworms ( vermicompost
vermicomposting earthworm,"vermicompost , earthworm"
vermicomposting earthworm,Earthworms and Vermicompost
vermicomposting earthworm,vermicomposts of earthworm
vermicomposting earthworm,earthworms : Vermicompost
vermicomposting earthworm,vermicompost on earthworm
vermicomposting earthworm,earthworms . Vermicomposting
vermicomposting earthworm,vermicomposting . Earthworms
vermicomposting earthworm,earthworms as vermicomposting
vermicomposting earthworm,earthworms during vermicomposting
vermicomposting earthworm,vermicompost using earthworm
vermicomposting earthworm,earthworms by vermicomposting
vermicomposting earthworm,earthworms . Vermicompost
vermicomposting earthworm,earthworms and vermicompost
vermicomposting earthworm,Vermicomposting by earthworms
vermicomposting earthworm,vermicompost of earthworms
vermicomposting earthworm,Vermicomposting Earthworms
vermicomposting earthworm,vermicomposting using earthworm
vermicomposting earthworm,Vermicomposting uses earthworms
vermicomposting earthworm,vermicompost and earthworm
vermicomposting earthworm,vermicomposting reared earthworms
vermicomposting earthworm,Earthworm vermicompost
vermicomposting earthworm,Earthworms Vermicomposting
vermicomposting earthworm,earthworms in vermicomposting
vermicomposting earthworm,vermicomposted with earthworm
vermicomposting earthworm,earthworm from vermicompost
vermicomposting earthworm,vermicompost . Earthworm
vermicomposting earthworm,vermicompost using earthworms
vermicomposting earthworm,vermicomposting this earthworm
vermicomposting plant,vermicompost . Plants
vermicomposting plant,vermicompost in plant
vermicomposting plant,vermicomposting plants
vermicomposting plant,vermicomposting of plant
vermicomposting plant,vermicompost on plant
vermicomposting plant,Vermicompost treated plants
vermicomposting plant,vermicompost and plant
vermicomposting plant,"vermicompost , plants"
vermicomposting plant,vermicompost per plant
vermicomposting plant,plants or vermicomposting
vermicomposting plant,Plants in vermicompost
vermicomposting plant,vermicomposts on plant
vermicomposting process,vermicomposting processing
vermicomposting process,Vermicomposting process
vermicomposting process,vermicompost process
vermicomposting process,process involving vermicomposting
vermicomposting process,vermicomposting maturation process
vermicomposting process,processed via vermicomposting
vermicomposting process,vermicomposting processes
vermicomposting process,process . Vermicomposts
vermicomposting process,vermicomposting for processing
vermicomposting process,process of vermicomposting
vermicomposting process,Vermicomposting Processes
vermicomposting process,process during vermicomposting
vermicomposting process,processed vermicompost
vermicomposting process,processed into vermicompost
vermicomposting process,Vermicomposting Process
vermicomposting process,process in vermicompost
vermicomposting process,process . Vermicompost
vermicomposting process,process . Vermicomposting
vermicomposting process,process in vermicomposting
vermicomposting process,process by vermicomposting
vermicomposting reactor,reactor Vermicomposting
vermicomposting reactor,vermicomposting reactors
vermicomposting system,system for vermicomposting
vermicomposting system,vermicompost system
vermicomposting system,system . Vermicomposting
vermicomposting system,system and vermicompost
vermicomposting system,system of vermicomposting
vermicomposting system,Vermicomposting Systems
vermicomposting system,vermicomposting systems
vermicomposting system,System in Vermicompost
vermicomposting system,Vermicomposting System
vermiconversion,Vermiconversion
vermireactors,vermireactor
waste bioconversion,wastes bioconversion
waste bioconversion,waste by bioconversion
waste bioconversion,waste hydrolysate Bioconversion
waste bioconversion,bioconversion of waste
waste bioconversion,waste for bioconversion
waste bioconversion,waste . Bioconversion
waste biotransformation,biotransformation of waste
waste ethanol,waste to ethanol
waste ethanol,waste from ethanol
waste ethanol,Waste in Ethanol
waste ethanol,waste and ethanol
waste ethanol,waste with ethanol
waste ethanol,waste for ethanol
waste ethanol,waste materials Ethanol
waste ethanol,waste degradation Ethanol
waste ethanol,waste by ethanol
waste fermentation,fermentative waste
waste fermentation,waste Fermentation
waste fermentation,wastes Fermentative
waste fermentation,wastes via fermentation
waste fermentation,Fermentation Wastes
waste fermentation,wastes micro-aerobic fermentation
waste fermentation,Waste Fermentation
waste fermentation,waste ethanol fermentation
waste fermentation,Waste Anaerobic fermentation
waste fermentation,waste fermented
waste fermentation,wastes Dark fermentative
waste fermentation,waste aerobic fermentation
waste fermentation,fermentation of wasted
waste fermentation,fermented waste
waste fermentation,fermentation wastes
waste fermentation,waste dark fermentation
waste fermentation,Fermented Citric Waste
waste fermentation,wastes . Fermentative
waste fermentation,fermented organic wastes
waste fermentation,wastes fermentation
waste fermentation,fermented food waste
waste fermentation,fermented fruit waste
waste fermentation,fermented wastes
waste fermentation,waste stream-based fermentation
waste fermentation,fermented maize wastes
waste fermentation,waste and fermented
waste fermentation,"wastes , fermented"
waste fermentation,Fermentation of Waste
waste fermentation,fermentation waste
waste fermentation,waste andmicrobial fermentation
waste fermentation,wastes from fermentation
waste fermentation,Waste Fermented
waste fermentation,fermentation of waste
waste fermentation,Waste Fermentative
waste fermentation,fermented yeast waste
waste fermentation,waste Anaerobic fermentation
waste gas,wastes Greenhouse gas
waste gas,waste CO2 gas
waste gas,waste into gas
waste gas,waste gases
waste gas,waste landfill gas
waste treatment,waste pollution treatment
waste treatment,waste anaerobic treatment
waste treatment,waste treatments
waste treatment,treatment Food wastes
waste treatment,Treatment of waste
waste treatment,treatment converting waste
waste treatment,treatment . Waste
waste treatment,wastes treatment
waste treatment,waste plant treatment
waste treatment,treatments . Waste
waste treatment,Waste treatment
waste treatment,treatment food waste
waste treatment,waste water treatment
waste treatment,wastes . Treatment
waste treatment,waste feed treatment
waste treatment,treatment of waste
waste treatment,Waste water treatment
waste treatment,waste biomass treatment
waste treatment,treatment Food waste
waste treatment,waste stream treatment
waste treatment,Waste Treatment
waste vermicomposting,vermicomposted . Waste
waste vermicomposting,wastes using vermicompost
waste vermicomposting,vermicomposting green waste
waste vermicomposting,waste through vermicomposting
waste vermicomposting,vermicomposting kitchen wastes
waste vermicomposting,waste as vermicompost
waste vermicomposting,wastes for vermicomposting
waste vermicomposting,Vermicomposting Increasing waste
waste vermicomposting,wastes for vermicompost
waste vermicomposting,wastes . Vermicomposting
waste vermicomposting,vermicompost paper waste
waste vermicomposting,waste . Vermicomposting
waste vermicomposting,waste with vermicompost
waste vermicomposting,wastes in vermicomposting
waste vermicomposting,Waste ? Vermicomposting
waste vermicomposting,vermicomposted date waste
waste vermicomposting,waste vermicompost
waste vermicomposting,wastes vermicomposts
waste vermicomposting,waste into vermicomposts
waste vermicomposting,vermicomposting waste
waste vermicomposting,Wastes by Vermicomposting
waste vermicomposting,Vermicomposting is waste
waste vermicomposting,wastes during vermicomposting
waste vermicomposting,waste by vermicomposting
waste vermicomposting,vermicomposting of waste
waste vermicomposting,wastes on vermicomposting
waste vermicomposting,waste into vermicompost
waste vermicomposting,waste in vermicomposting
waste vermicomposting,Waste ( Vermicomposting
waste vermicomposting,Vermicomposting corn waste
waste vermicomposting,wastes through vermicomposting
waste vermicomposting,Vermicompost Waste
waste windrow,waste is windrow
wet digestion,wet anaerobic digestion
wet digestion,digestion of wet
wet digestion,wet digestions
wet digestion,Wet Digestion
wet digestion,digestion for wet
windrow,windrows
windrow,windrowing
windrow,Windrow
windrow,WINDROW
windrow piles,windrow compost pile
windrow piles,windrows or piles
